time,latitude,longitude,depth,mag,magType,nst,gap,dmin,rms,net,id,updated,place,type,horizontalError,depthError,magError,magNst,status,locationSource,magSource
2019-02-21T09:30:49.850Z,19.4015007,-155.2514954,1.04,2.66,ml,13,157,0.01317,0.26,hv,hv70820351,2019-02-21T09:36:32.050Z,"3km SSW of Volcano, Hawaii",earthquake,0.63,0.66,0.18,3,automatic,hv,hv
2019-02-21T08:52:20.630Z,52.3991,-168.539,28.9,4.2,mb,,183,1.897,1.18,us,us2000jl1p,2019-02-21T09:16:17.040Z,"63km SSE of Nikolski, Alaska",earthquake,9,8.4,0.071,54,reviewed,us,us
2019-02-21T08:52:03.720Z,13.4555,-89.7135,65.01,4.2,mb,,151,0.998,1.11,us,us2000jl1r,2019-02-21T09:28:40.688Z,"19km SE of Acajutla, El Salvador",earthquake,7.7,16.3,0.104,26,reviewed,us,us
2019-02-21T07:37:49.560Z,-20.8504,-70.6929,12.23,4.5,mb,,142,0.557,0.61,us,us2000jl0v,2019-02-21T07:55:14.040Z,"90km SW of Iquique, Chile",earthquake,4.5,2.4,0.145,14,reviewed,us,us
2019-02-21T06:57:25.030Z,66.3192,-157.2529,11.91,3.5,ml,,108,0.188,0.39,us,us2000jl0b,2019-02-21T07:34:19.040Z,"67km SSW of Kobuk, Alaska",earthquake,5.4,6.9,0.046,62,reviewed,us,us
2019-02-21T06:45:51.501Z,61.7161,-142.086,21.2,2.5,ml,,,,0.94,ak,ak0192e3sdkx,2019-02-21T06:50:46.001Z,"126km E of Chitina, Alaska",earthquake,,1.4,,,automatic,ak,ak
2019-02-21T06:45:40.740Z,60.6142,-146.2439,250,2.5,ml,,,,0.88,ak,ak0192e3sdn7,2019-02-21T06:50:45.372Z,"27km WNW of Cordova, Alaska",earthquake,,4.9,,,automatic,ak,ak
2019-02-21T06:45:28.034Z,59.5346,-152.9772,250,2.6,ml,,,,0.89,ak,ak0192e3sbu1,2019-02-21T06:50:44.684Z,"70km WSW of Anchor Point, Alaska",earthquake,,2.6,,,automatic,ak,ak
2019-02-21T06:45:27.280Z,60.489,-152.338,85.7,2.8,ml,,,,1.11,ak,ak0192e3scmw,2019-02-21T06:50:46.623Z,"22km E of Redoubt Volcano, Alaska",earthquake,,2.4,,,automatic,ak,ak
2019-02-21T06:45:18.941Z,58.1194,-155.5104,250,2.8,ml,,,,0.94,ak,ak0192e3s6wl,2019-02-21T06:52:27.209Z,"92km SE of King Salmon, Alaska",earthquake,,4.7,,,automatic,ak,ak
2019-02-21T06:34:39.760Z,-20.8603,-178.8272,616.55,5.6,mww,,39,4.276,1.02,us,us2000jkzu,2019-02-21T08:37:21.731Z,"26km SSW of Ndoi Island, Fiji",earthquake,10.4,5.3,0.073,18,reviewed,us,us
2019-02-21T05:42:01.940Z,52.2704,160.5137,35,4.4,mb,,169,1.363,0.83,us,us2000jkzc,2019-02-21T06:13:20.040Z,"152km ESE of Petropavlovsk-Kamchatskiy, Russia",earthquake,3.5,2,0.082,43,reviewed,us,us
2019-02-21T03:08:38.150Z,40.4673333,-111.9455,6.48,2.52,ml,41,41,0.0139,0.21,uu,uu60313672,2019-02-21T09:33:39.860Z,"2km SSW of Bluffdale, Utah",earthquake,0.39,1.03,0.226,12,reviewed,uu,uu
2019-02-21T02:50:44.390Z,19.612,-65.9635,100,3.19,md,4,328,1.5949,0.24,pr,pr2019052002,2019-02-21T05:01:42.910Z,"127km N of San Juan, Puerto Rico",earthquake,9.59,18.4,0.28,4,reviewed,pr,pr
2019-02-21T02:11:41.920Z,28.5432,129.9889,35,4.9,mb,,63,2.282,0.99,us,us2000jky2,2019-02-21T02:24:38.040Z,"53km ENE of Naze, Japan",earthquake,3.9,2,0.086,43,reviewed,us,us
2019-02-21T00:42:26.770Z,-24.3006,-67.1511,192.98,4.5,mb,,59,1.64,1.23,us,us2000jkxd,2019-02-21T00:57:35.040Z,"85km W of San Antonio de los Cobres, Argentina",earthquake,5.1,9.2,0.145,14,reviewed,us,us
2019-02-20T23:36:58.120Z,18.1358,-67.892,28,2.84,md,3,339,0.793,0.42,pr,pr2019051012,2019-02-21T05:01:05.990Z,"71km WSW of Rincon, Puerto Rico",earthquake,6.25,26.89,0.06,3,reviewed,pr,pr
2019-02-20T22:32:00.250Z,31.6507,-104.2084,5,2.7,mb_lg,,69,0.32,0.33,us,us2000jkvr,2019-02-20T22:50:05.040Z,"58km W of Mentone, Texas",earthquake,1.4,1.9,0.109,30,reviewed,us,us
2019-02-20T21:22:15.780Z,38.0755,-118.8888333,9.02,2.67,md,35,45,0.091,0.06,nc,nc73143811,2019-02-21T04:12:03.840Z,"19km SE of Bodie, CA",earthquake,0.19,0.68,0.274,33,reviewed,nc,nc
2019-02-20T18:27:36.288Z,63.373,-151.2338,7.2,2.6,ml,,,,0.85,ak,ak0192cnad67,2019-02-20T18:32:37.190Z,"114km W of Cantwell, Alaska",earthquake,,0.3,,,automatic,ak,ak
2019-02-20T18:23:29.940Z,39.7018,26.3823,10,5.1,mww,,37,1.209,1.15,us,us2000jkr3,2019-02-21T08:02:15.130Z,"9km SSE of Ezine, Turkey",earthquake,5.3,1.8,0.062,25,reviewed,us,us
2019-02-20T17:19:56.700Z,18.2093,-67.6068,137,2.97,md,8,177,0.2167,0.41,pr,pr2019051010,2019-02-20T20:00:00.317Z,"40km WSW of Rincon, Puerto Rico",earthquake,4.57,2.27,0.1,7,reviewed,pr,pr
2019-02-20T14:45:24.130Z,-5.4317,151.6642,35,4.9,mb,,95,1.329,0.73,us,us2000jkni,2019-02-20T15:03:02.040Z,"136km SSW of Kokopo, Papua New Guinea",earthquake,12.5,2,0.104,29,reviewed,us,us
2019-02-20T12:33:17.490Z,14.6779,53.7136,10,5,mb,,66,10.479,0.76,us,us2000jkm5,2019-02-20T21:00:23.040Z,"200km ESE of Haswayn, Yemen",earthquake,10.5,1.9,0.059,90,reviewed,us,us
2019-02-20T12:16:08.250Z,18.7788,-64.7455,74,3.32,md,6,338,1.2738,0.22,pr,pr2019051007,2019-02-20T16:01:59.153Z,"42km NNW of Road Town, British Virgin Islands",earthquake,4.33,10.8,0.32,5,reviewed,pr,pr
2019-02-20T11:51:00.390Z,31.6582,-104.3839,5,2.9,mb_lg,,134,0.406,0.45,us,us2000jklt,2019-02-20T12:00:08.040Z,"74km SSW of Loving, New Mexico",earthquake,2.2,1.8,0.069,54,reviewed,us,us
2019-02-20T10:43:25.060Z,34.665,24.069,43.63,4.4,mb,,195,0.917,0.98,us,us2000jkkm,2019-02-20T10:59:20.040Z,"72km SSE of Palaiochora, Greece",earthquake,7.2,12.3,0.115,22,reviewed,us,us
2019-02-20T10:22:33.520Z,-24.1989,-66.9466,188.33,4.4,mb,,56,1.678,1.19,us,us2000jkkb,2019-02-20T12:11:13.040Z,"63km W of San Antonio de los Cobres, Argentina",earthquake,5.7,6.8,0.149,13,reviewed,us,us
2019-02-20T09:05:42.220Z,19.1925,99.6261,10,4.6,mb,,49,0.746,0.63,us,us2000jkje,2019-02-21T08:45:14.994Z,"5km N of Wang Nuea, Thailand",earthquake,2.6,1.9,0.098,31,reviewed,us,us
2019-02-20T08:17:58.180Z,40.2831667,-124.5468333,21.4,2.47,md,18,261,0.2025,0.21,nc,nc73143691,2019-02-21T04:27:04.933Z,"23km WSW of Petrolia, CA",earthquake,1.02,0.51,0.144,14,reviewed,nc,nc
2019-02-20T07:05:35.350Z,38.7375,-112.4965,8.22,4.04,ml,27,45,0.1335,0.18,uu,uu60313397,2019-02-21T07:22:03.768Z,"29km SW of Fillmore, Utah",earthquake,0.33,0.6,0.137,22,reviewed,uu,uu
2019-02-20T06:50:46.550Z,-6.8599,129.1905,205.75,4.6,mb,,80,4.96,0.96,us,us2000jkh7,2019-02-20T07:06:07.040Z,"263km WNW of Saumlaki, Indonesia",earthquake,9.3,9.8,0.129,18,reviewed,us,us
2019-02-20T06:16:41.118Z,59.2954,-153.6466,110.6,3.9,ml,,,,0.65,ak,ak0192cg2tci,2019-02-20T22:28:33.893Z,"83km ESE of Old Iliamna, Alaska",earthquake,,0.3,,,reviewed,ak,ak
2019-02-20T06:15:27.796Z,61.3002,-146.9302,20.1,3.5,ml,,,,0.75,ak,ak0192cg2kp4,2019-02-20T06:21:40.068Z,"36km WNW of Valdez, Alaska",earthquake,,0.3,,,automatic,ak,ak
2019-02-20T06:02:55.820Z,19.5388,-64.8191,75,3.34,md,17,315,1.7353,0.61,pr,pr2019051003,2019-02-20T06:38:27.796Z,"126km N of Road Town, British Virgin Islands",earthquake,7.44,21.36,0.35,12,reviewed,pr,pr
2019-02-20T06:00:44.800Z,19.5455,-64.8881,90,3.11,md,13,313,1.7007,0.7,pr,pr2019051006,2019-02-20T09:15:39.448Z,"128km NNW of Road Town, British Virgin Islands",earthquake,10.22,23.33,0.34,10,reviewed,pr,pr
2019-02-20T05:47:32.180Z,19.2475,-68.6671,133,3.27,md,11,342,0.7873,0.7,pr,pr2019051005,2019-02-20T09:15:10.960Z,"49km NE of Miches, Dominican Republic",earthquake,12.34,9.56,0.35,10,reviewed,pr,pr
2019-02-20T04:34:54.710Z,19.3955,-64.7811,47,3.1,md,10,317,1.6465,0.28,pr,pr2019051002,2019-02-20T09:14:23.376Z,"109km N of Road Town, British Virgin Islands",earthquake,3.35,18.08,0.38,10,reviewed,pr,pr
2019-02-20T04:06:50.540Z,9.3577,-84.5058,35,3.6,ml,,303,0.749,0.32,us,us2000jkv0,2019-02-20T22:03:03.738Z,"26km SW of Parrita, Costa Rica",earthquake,2.2,2,0.105,12,reviewed,us,us
2019-02-20T03:40:14.080Z,38.5394,97.1523,10.67,4.8,mb,,68,11.473,1,us,us2000jkfm,2019-02-20T03:49:47.040Z,"131km N of Delingha Shi, China",earthquake,8.5,4.4,0.094,36,reviewed,us,us
2019-02-20T03:18:42.360Z,28.2788,130.1991,10,4.8,mb,,121,2.234,0.99,us,us2000jkf9,2019-02-20T03:33:04.040Z,"70km E of Naze, Japan",earthquake,7,1.9,0.088,40,reviewed,us,us
2019-02-20T02:29:34.280Z,29.3006,77.2659,10,4,mb,,198,5.518,0.57,us,us2000jkem,2019-02-20T17:02:24.813Z,"1km S of Kandhla, India",earthquake,13.6,2,0.26,4,reviewed,us,us
2019-02-20T01:35:44.400Z,38.5258,68.9885,10,4.6,mb,,46,0.133,0.68,us,us2000jke0,2019-02-20T12:27:22.954Z,"4km SSW of Kofarnihon, Tajikistan",earthquake,5,1.7,0.067,66,reviewed,us,us
2019-02-20T01:14:38.430Z,51.4229,-176.9651,35,4.1,mb,,152,0.445,0.93,us,us2000jkdp,2019-02-20T03:03:04.040Z,"55km SSW of Adak, Alaska",earthquake,8.7,2,0.084,38,reviewed,us,us
2019-02-20T00:38:12.000Z,19.6965,-65.3431,53,3.22,md,15,300,1.6346,0.57,pr,pr2019051001,2019-02-20T04:59:56.040Z,"148km N of Charlotte Amalie, U.S. Virgin Islands",earthquake,5.75,27.83,0.54,7,reviewed,pr,pr
2019-02-20T00:15:27.520Z,19.0268,-64.7053,94,3.56,md,6,340,1.4458,0.88,pr,pr2019051000,2019-02-20T03:19:21.040Z,"123km NNW of Road Town, British Virgin Islands",earthquake,17.7,25.7,0.02,2,reviewed,pr,pr
2019-02-20T00:10:39.670Z,0.749,126.1874,36.43,5.6,mww,,45,1.179,1.06,us,us2000jkcy,2019-02-20T21:05:56.040Z,"131km W of Kota Ternate, Indonesia",earthquake,6.2,5.5,0.066,22,reviewed,us,us
2019-02-19T22:39:20.040Z,18.0995,-68.4138,64,2.92,md,3,213,1.3075,0.04,pr,pr2019050016,2019-02-21T04:45:20.040Z,"38km SSE of Boca de Yuma, Dominican Republic",earthquake,1.6,2.49,0.23,3,reviewed,pr,pr
2019-02-19T22:14:20.930Z,37.2775,-121.653,5.88,2.53,md,84,28,0.02448,0.05,nc,nc73143546,2019-02-20T14:24:32.722Z,"16km N of Morgan Hill, CA",earthquake,0.08,0.19,0.143,90,reviewed,nc,nc
2019-02-19T21:33:57.340Z,40.3805,27.0546,10,4.1,mb,,34,0.918,0.85,us,us2000jk8x,2019-02-20T18:39:13.910Z,"23km NW of Biga, Turkey",earthquake,5.2,1.9,0.37,2,reviewed,us,us
2019-02-19T20:41:21.430Z,-37.3054,179.0796,48.2,4.5,mb,,218,0.666,1.02,us,us2000jk7k,2019-02-20T19:48:28.040Z,"176km NNE of Gisborne, New Zealand",earthquake,7.1,9.3,0.157,13,reviewed,us,us
2019-02-19T20:31:17.440Z,38.8183327,-122.7904968,0.74,2.57,md,14,88,0.01101,0.05,nc,nc73143531,2019-02-19T23:03:04.670Z,"5km NNW of The Geysers, CA",earthquake,0.29,0.34,0.07,11,automatic,nc,nc
2019-02-19T19:25:13.133Z,38.0865,-116.8762,14.5,2.5,ml,11,76.22,0.556,0.1543,nn,nn00678260,2019-02-20T22:20:20.272Z,"31km E of Tonopah, Nevada",earthquake,,3.8,0.37,4,reviewed,nn,nn
2019-02-19T19:13:34.561Z,61.4306,-150.0686,9.6,2.7,ml,,,,0.86,ak,ak0192b09g8w,2019-02-20T18:40:58.040Z,"9km S of Big Lake, Alaska",earthquake,,0.2,,,automatic,ak,ak
2019-02-19T18:46:41.000Z,-6.5626,101.7793,10,5.1,mww,,35,2.481,0.76,us,us2000jk4v,2019-02-20T18:25:19.040Z,"277km SW of Kuripan, Indonesia",earthquake,7.4,1.8,0.065,23,reviewed,us,us
2019-02-19T18:08:10.750Z,35.1031,-97.8641,5,3,mb_lg,,78,0.207,0.63,us,us2000jk3v,2019-02-21T00:52:24.965Z,"8km NE of Chickasha, Oklahoma",earthquake,1.4,1.9,0.051,100,reviewed,us,us
2019-02-19T17:33:53.480Z,38.3852,75.1294,114.9,4.4,mb,,61,2.814,1.08,us,us2000jk30,2019-02-20T17:15:08.040Z,"104km ENE of Murghob, Tajikistan",earthquake,6.5,3.6,0.063,72,reviewed,us,us
2019-02-19T17:24:36.880Z,-24.88,179.8471,510.37,4.5,mb,,70,4.778,0.77,us,us2000jk32,2019-02-20T15:15:43.040Z,"South of the Fiji Islands",earthquake,11.4,7.3,0.06,82,reviewed,us,us
2019-02-19T16:55:21.540Z,-7.5201,130.3612,49.41,4.5,mb,,94,1.036,0.53,us,us2000jk27,2019-02-19T17:33:35.040Z,"115km WNW of Saumlaki, Indonesia",earthquake,8.9,11,0.124,19,reviewed,us,us
2019-02-19T16:24:55.060Z,38.8468,141.682,68.99,4.6,mb,,136,1.202,0.98,us,us2000jk1q,2019-02-19T17:20:40.040Z,"25km S of Ofunato, Japan",earthquake,7.9,7.7,0.065,70,reviewed,us,us
2019-02-19T14:13:13.980Z,14.455,-93.0748,35,4.5,mb,,190,1.338,1,us,us2000jjzy,2019-02-19T14:45:47.040Z,"76km WSW of Puerto Madero, Mexico",earthquake,8.7,2,0.044,155,reviewed,us,us
2019-02-19T13:33:39.510Z,-20.9433,168.7027,7.29,4.7,mb,,108,2.03,0.74,us,us2000jjzq,2019-02-19T14:20:43.040Z,"108km NE of Tadine, New Caledonia",earthquake,9.5,6.6,0.108,26,reviewed,us,us
2019-02-19T13:04:32.920Z,64.1444,-162.1733,10,2.5,ml,,80,0.7,0.34,us,us2000jjzj,2019-02-19T14:09:12.040Z,"74km WNW of Unalakleet, Alaska",earthquake,3.4,2,0.128,8,reviewed,us,us
2019-02-19T12:56:54.080Z,4.1144,128.2919,10,4.9,mb,,122,3.446,0.94,us,us2000jjzf,2019-02-19T13:17:55.040Z,"265km N of Tobelo, Indonesia",earthquake,4.5,1.9,0.068,67,reviewed,us,us
2019-02-19T12:51:01.870Z,4.099,128.3606,10,4.9,mb,,114,3.45,0.75,us,us2000jjzc,2019-02-19T13:09:15.040Z,"265km N of Tobelo, Indonesia",earthquake,9.1,1.9,0.075,56,reviewed,us,us
2019-02-19T11:24:54.420Z,-5.7306,129.0633,246.51,4.7,mb,,73,3.151,0.68,us,us2000jjyr,2019-02-19T11:42:26.040Z,"243km S of Saparua, Indonesia",earthquake,7.5,8.9,0.12,22,reviewed,us,us
2019-02-19T11:06:42.930Z,-3.3812,146.994,10,4.6,mb,,145,1.38,1.05,us,us2000jjyj,2019-02-19T11:58:46.040Z,"153km SSW of Lorengau, Papua New Guinea",earthquake,10.5,1.9,0.097,32,reviewed,us,us
2019-02-19T11:06:30.020Z,4.1577,-76.8213,65.5,4.6,mb,,105,2.584,1.05,us,us2000jjyi,2019-02-19T20:52:22.306Z,"38km NE of Buenaventura, Colombia",earthquake,8.2,7.7,0.047,137,reviewed,us,us
2019-02-19T10:26:19.760Z,19.4933333,-155.4848333,4.6,2.98,ml,59,39,0.04509,0.13,hv,hv70817636,2019-02-19T18:42:42.790Z,"26km WNW of Volcano, Hawaii",earthquake,0.25,0.56,0.148,45,reviewed,hv,hv
2019-02-19T09:50:28.370Z,-8.9509,-108.9579,10,4.7,mb,,160,30.231,0.69,us,us2000jjy7,2019-02-19T11:18:27.040Z,"Central East Pacific Rise",earthquake,10.7,1.9,0.074,55,reviewed,us,us
2019-02-19T09:03:24.060Z,18.2091,-68.9935,126,2.93,md,9,191,0.6838,0.59,pr,pr2019050015,2019-02-19T15:04:38.607Z,"24km S of La Romana, Dominican Republic",earthquake,4.61,2.94,0.75,6,reviewed,pr,pr
2019-02-19T08:32:19.310Z,-14.6137,-75.6209,52.37,4.9,mb,,144,2.868,0.99,us,us2000jjx5,2019-02-19T17:30:32.774Z,"46km WSW of Rio Grande, Peru",earthquake,9,7.7,0.037,232,reviewed,us,us
2019-02-19T08:10:27.940Z,-13.534,167.2804,198.33,4.6,mb,,61,8.258,1.01,us,us2000jjwz,2019-02-19T08:31:20.040Z,"48km NW of Sola, Vanuatu",earthquake,10.9,7.3,0.064,73,reviewed,us,us
2019-02-19T07:36:47.380Z,36.0609,-97.6014,2.52,2.7,mb_lg,,29,0.104,0.31,us,us2000jjwp,2019-02-19T15:03:47.482Z,"12km N of Crescent, Oklahoma",earthquake,0.6,5,0.077,44,reviewed,us,us
2019-02-19T07:03:56.010Z,18.961,-65.2528,57,2.97,md,7,331,1.0128,0.18,pr,pr2019050014,2019-02-19T12:25:59.992Z,"73km N of Culebra, Puerto Rico",earthquake,4.48,9.77,0.5,6,reviewed,pr,pr
2019-02-19T06:59:07.306Z,61.8778,-149.3105,3.9,3.3,ml,,,,0.72,ak,ak0192assm4s,2019-02-19T23:25:28.061Z,"15km NNW of Fishhook, Alaska",earthquake,,0.2,,,reviewed,ak,ak
2019-02-19T06:11:42.870Z,-11.0484,-75.5607,115.52,4.5,mb,,95,1.564,0.66,us,us2000jjw0,2019-02-19T17:30:50.996Z,"24km WNW of San Ramon, Peru",earthquake,8.1,7.9,0.072,56,reviewed,us,us
2019-02-19T05:23:46.570Z,-4.9427,153.3807,50.61,5,mb,,119,1.424,0.74,us,us2000jjve,2019-02-19T05:42:45.040Z,"65km SE of Taron, Papua New Guinea",earthquake,9.8,7.5,0.081,48,reviewed,us,us
2019-02-19T05:09:43.820Z,-28.0074,-71.4511,25.1,4.8,mww,,99,0.386,0.87,us,us2000jjv0,2019-02-20T01:53:18.634Z,"92km NW of Vallenar, Chile",earthquake,5.5,4.5,0.073,18,reviewed,us,us
2019-02-19T03:57:38.540Z,18.892,-65.032,31,2.84,md,13,332,1.1088,0.24,pr,pr2019050008,2019-02-19T07:31:59.852Z,"61km N of Charlotte Amalie, U.S. Virgin Islands",earthquake,1.76,15.04,0.31,12,reviewed,pr,pr
2019-02-19T03:26:51.870Z,59.4232,-146.8791,0.2,3.5,ml,,,,0.71,ak,ak0192aqtcdq,2019-02-19T03:31:57.017Z,"31km W of Middleton Island, Alaska",earthquake,,0.5,,,automatic,ak,ak
2019-02-19T03:11:10.020Z,-23.9539,-66.6681,191.55,4.8,mb,,53,2.92,1.17,us,us2000jjty,2019-02-19T03:31:38.040Z,"46km NW of San Antonio de los Cobres, Argentina",earthquake,8.5,8.6,0.101,30,reviewed,us,us
2019-02-19T02:05:39.490Z,-21.5493,-174.113,10,5.2,mb,,113,4.635,1.08,us,us2000jjtn,2019-02-19T02:26:36.040Z,"89km ESE of `Ohonua, Tonga",earthquake,12.8,1.9,0.059,96,reviewed,us,us
2019-02-19T01:35:07.180Z,19.4371,-64.828,41,3.3,md,14,311,1.649,0.5,pr,pr2019050006,2019-02-19T05:45:54.262Z,"115km N of Road Town, British Virgin Islands",earthquake,4.17,32.33,0.35,11,reviewed,pr,pr
2019-02-19T01:15:26.900Z,19.4563,-64.9621,69,3.32,md,3,343,1.5854,0.06,pr,pr2019050004,2019-02-19T05:45:44.903Z,"120km NNW of Road Town, British Virgin Islands",earthquake,3.38,7.88,0,1,reviewed,pr,pr
2019-02-19T01:01:15.200Z,19.3651,-64.8396,25,3.02,md,10,337,1.5856,0.35,pr,pr2019050003,2019-02-19T05:45:35.575Z,"107km NNW of Road Town, British Virgin Islands",earthquake,3.03,29.32,0.43,8,reviewed,pr,pr
2019-02-19T00:49:37.610Z,34.0371667,-116.9875,13.49,2.47,ml,117,17,0.115,0.15,ci,ci37534418,2019-02-20T01:49:56.470Z,"5km E of Yucaipa, CA",earthquake,0.11,0.28,0.17,24,reviewed,ci,ci
2019-02-19T00:40:37.240Z,19.3611,-64.7946,35,2.83,md,11,337,1.6116,0.35,pr,pr2019050002,2019-02-19T05:45:27.462Z,"106km N of Road Town, British Virgin Islands",earthquake,3.17,25.68,0.34,7,reviewed,pr,pr
2019-02-19T00:26:44.730Z,53.4495,161.3676,10,4.7,mb,,138,1.688,1.06,us,us2000jjt9,2019-02-19T00:51:24.040Z,"187km ENE of Petropavlovsk-Kamchatskiy, Russia",earthquake,9.9,1.9,0.064,73,reviewed,us,us
2019-02-19T00:23:57.960Z,19.0591,-64.4433,24,3.29,md,5,346,1.6782,0.45,pr,pr2019050001,2019-02-19T05:45:19.134Z,"73km NNE of Road Town, British Virgin Islands",earthquake,7.4,38.37,0.04,2,reviewed,pr,pr
2019-02-19T00:01:43.980Z,19.2626,-64.5955,49,3.35,md,3,341,1.6812,0.46,pr,pr2019050000,2019-02-19T05:45:11.903Z,"93km N of Road Town, British Virgin Islands",earthquake,8.18,34.06,0.18,2,reviewed,pr,pr
2019-02-18T23:56:56.310Z,19.6538,-65.08,48,3.2,md,7,336,1.696,0.41,pr,pr2019049015,2019-02-19T05:40:32.814Z,"145km NNW of Road Town, British Virgin Islands",earthquake,6.2,30.31,0.39,3,reviewed,pr,pr
2019-02-18T23:47:35.160Z,19.1908,-64.7348,34,2.9,md,10,338,1.53,0.48,pr,pr2019049014,2019-02-19T05:40:23.647Z,"86km N of Road Town, British Virgin Islands",earthquake,5.73,32.84,0.25,8,reviewed,pr,pr
2019-02-18T23:45:08.980Z,19.4165,-64.6808,63,3.4,md,16,319,1.7287,0.42,pr,pr2019049013,2019-02-19T05:40:14.334Z,"110km N of Road Town, British Virgin Islands",earthquake,4.78,16.74,0.4,13,reviewed,pr,pr
2019-02-18T23:38:06.820Z,19.4898,-64.8938,87,4.8,md,23,232,1.6517,0.5,pr,pr2019049011,2019-02-19T15:03:29.856Z,"116km NNW of Road Town, British Virgin Islands",earthquake,4.77,10.44,0.3,17,reviewed,pr,pr
2019-02-18T23:34:48.900Z,37.3916667,-121.5106667,8.12,2.85,md,83,50,0.04715,0.07,nc,nc73143371,2019-02-21T04:58:05.093Z,"28km E of Alum Rock, CA",earthquake,0.09,0.19,0.161,110,reviewed,nc,nc
2019-02-18T23:17:57.340Z,19.3778333,-155.0675,6.3,2.5,ml,42,152,0.0255,0.13,hv,hv70816981,2019-02-18T23:43:36.200Z,"14km S of Fern Acres, Hawaii",earthquake,0.55,0.45,0.158,31,reviewed,hv,hv
2019-02-18T22:11:38.560Z,2.2153,96.1987,10,4.3,mb,,196,1.647,0.76,us,us2000jjqr,2019-02-18T22:32:35.040Z,"35km SW of Sinabang, Indonesia",earthquake,9.5,2,0.142,14,reviewed,us,us
2019-02-18T21:15:57.840Z,-23.3134,-71.1981,10,3.7,ml,,193,1.495,1.17,us,us2000jkbr,2019-02-19T23:12:00.693Z,"89km WNW of Antofagasta, Chile",earthquake,2.9,2,0.077,22,reviewed,us,us
2019-02-18T19:30:22.730Z,-9.5056,112.8624,21.6,5.6,mww,,33,1.637,1,us,us2000jjm5,2019-02-19T22:25:46.040Z,"123km S of Krajan Tambakrejo, Indonesia",earthquake,6.9,3.5,0.073,18,reviewed,us,us
2019-02-18T17:49:50.950Z,2.2479,128.7852,35,4.6,mb,,124,2.039,0.9,us,us2000jjl3,2019-02-18T20:42:53.040Z,"103km NE of Tobelo, Indonesia",earthquake,8.4,2,0.081,45,reviewed,us,us
2019-02-18T17:10:10.038Z,59.7815,-153.4648,126.6,2.5,ml,,,,0.59,ak,ak01929bijeq,2019-02-18T23:46:12.783Z,"81km E of Old Iliamna, Alaska",earthquake,,0.4,,,automatic,ak,ak
2019-02-18T17:02:46.634Z,61.4116,-149.9472,39.7,4.4,ml,,,,0.58,ak,ak01929bgwg5,2019-02-19T22:35:14.040Z,"9km S of Big Lake, Alaska",earthquake,,0.1,,,reviewed,ak,ak
2019-02-18T16:31:33.390Z,38.5832,44.1405,10,4.1,mb,,109,0.891,0.64,us,us2000jjk8,2019-02-18T17:33:15.040Z,"7km SSW of Saray, Turkey",earthquake,5.5,1.9,0.116,20,reviewed,us,us
2019-02-18T15:46:42.810Z,-19.1303,-172.8017,10,4.9,mb,,93,2.718,1.24,us,us2000jjjx,2019-02-18T16:38:48.040Z,"135km ESE of Neiafu, Tonga",earthquake,7.5,1.9,0.105,28,reviewed,us,us
2019-02-18T15:16:30.580Z,50.0403,154.6213,144.54,4.8,mb,,135,3.622,0.57,us,us2000jjjt,2019-02-18T15:51:00.040Z,"128km WSW of Severo-Kuril'sk, Russia",earthquake,9.5,7.2,0.031,310,reviewed,us,us
2019-02-18T15:01:35.620Z,-6.5651,129.7822,202.67,4.5,mb,,58,2.06,0.65,us,us2000jjjp,2019-02-18T15:39:37.040Z,"228km NW of Saumlaki, Indonesia",earthquake,9.1,7.3,0.093,34,reviewed,us,us
2019-02-18T13:30:57.119Z,59.2908,-152.4777,62.3,2.5,ml,,,,0.59,ak,ak01929996wb,2019-02-18T21:33:37.905Z,"65km SW of Homer, Alaska",earthquake,,0.6,,,automatic,ak,ak
2019-02-18T12:22:17.370Z,19.3378333,-155.2128333,6.47,2.47,ml,40,69,0.03585,0.1,hv,hv70816216,2019-02-20T08:54:30.040Z,"10km SSE of Volcano, Hawaii",earthquake,0.26,0.55,0.186,29,reviewed,hv,hv
2019-02-18T10:21:08.420Z,18.706,-66.806,93,2.83,md,17,235,0.3589,0.17,pr,pr2019049004,2019-02-20T07:45:44.040Z,"27km N of Hatillo, Puerto Rico",earthquake,1.17,0.72,0.28,16,reviewed,pr,pr
2019-02-18T10:02:12.990Z,17.8951,-67.707,22,2.69,md,5,303,0.5398,0.42,pr,pr2019049005,2019-02-18T12:16:22.890Z,"55km W of Pole Ojea, Puerto Rico",earthquake,2.87,26.34,0.18,3,reviewed,pr,pr
2019-02-18T09:59:42.480Z,38.7411652,-122.7109985,1.28,2.58,md,18,80,0.0473,0.07,nc,nc73143316,2019-02-18T19:21:13.007Z,"4km SSW of Anderson Springs, CA",earthquake,0.25,0.82,0.22,21,automatic,nc,nc
2019-02-18T08:01:11.380Z,30.4473,138.4988,421.99,4.2,mb,,132,2.886,0.78,us,us2000jjgl,2019-02-18T08:35:00.040Z,"Izu Islands, Japan region",earthquake,10.6,8.3,0.052,104,reviewed,us,us
2019-02-18T07:32:18.180Z,25.4348,125.0459,10,4.6,mb,,69,2.083,0.69,us,us2000jjgg,2019-02-18T08:09:54.040Z,"74km NNW of Hirara, Japan",earthquake,6.4,1.9,0.116,22,reviewed,us,us
2019-02-18T04:15:51.190Z,-0.9001,127.3107,32.34,5,mww,,90,1.661,0.9,us,us2000jjfv,2019-02-18T04:34:11.040Z,"63km NW of Laiwui, Indonesia",earthquake,6.1,5.1,0.073,18,reviewed,us,us
2019-02-18T03:42:04.728Z,51.7054,-179.9963,183.3,4.8,mb,,,,0.81,ak,ak019293dbh5,2019-02-18T03:50:18.402Z,"38km SE of Semisopochnoi Island, Alaska",earthquake,,3.8,,,automatic,ak,ak
2019-02-18T03:41:43.910Z,51.1899,179.3535,35,4.8,mb,,135,2.281,0.96,us,us2000jjfh,2019-02-18T03:59:11.040Z,"86km SSW of Semisopochnoi Island, Alaska",earthquake,7.9,2,0.032,297,reviewed,us,us
2019-02-18T03:22:23.770Z,18.9798,-104.4178,35,4.7,mb,,108,3.085,1.28,us,us2000jjf4,2019-02-20T01:26:15.466Z,"13km SW of Manzanillo, Mexico",earthquake,8.2,1.9,0.03,330,reviewed,us,us
2019-02-18T03:06:45.780Z,53.8346,159.864,68.98,4.5,mb,,152,1.09,1.35,us,us2000jjf1,2019-02-18T03:40:00.040Z,"119km NE of Petropavlovsk-Kamchatskiy, Russia",earthquake,10.9,9.2,0.096,32,reviewed,us,us
2019-02-18T02:35:26.090Z,19.218,-67.851,22,2.79,md,9,324,0.9127,0.24,pr,pr2019049003,2019-02-20T04:43:12.040Z,"84km NW of San Antonio, Puerto Rico",earthquake,2.17,20.49,0.35,9,reviewed,pr,pr
2019-02-18T02:01:20.490Z,19.2658,-66.6511,35,2.84,md,3,349,0.9248,0.32,pr,pr2019049002,2019-02-18T05:56:57.392Z,"87km N of Carrizales, Puerto Rico",earthquake,8.81,26.3,0.26,3,reviewed,pr,pr
2019-02-18T01:32:22.860Z,19.1731,-66.5656,48,2.83,md,13,289,0.6969,0.47,pr,pr2019049001,2019-02-20T04:40:41.040Z,"85km N of Tierras Nuevas Poniente, Puerto Rico",earthquake,2.72,7.7,0.39,12,reviewed,pr,pr
2019-02-18T01:18:12.320Z,1.6778,126.4199,70.32,5,mb,,95,1.306,1.05,us,us2000jje6,2019-02-18T02:10:11.753Z,"140km E of Bitung, Indonesia",earthquake,8,7.1,0.076,55,reviewed,us,us
2019-02-18T00:14:39.980Z,19.2351,-66.5486,25,2.47,md,12,302,0.7582,0.24,pr,pr2019049000,2019-02-18T06:06:10.040Z,"80km NNE of Arecibo, Puerto Rico",earthquake,1.17,15.93,0.17,11,reviewed,pr,pr
2019-02-18T00:05:36.330Z,30.8487,137.1228,489.28,4.5,mb,,117,3.214,0.72,us,us2000jje0,2019-02-18T02:50:56.040Z,"Izu Islands, Japan region",earthquake,10.6,8.9,0.061,80,reviewed,us,us
2019-02-18T00:03:56.990Z,30.8652,137.106,494.63,4.5,mb,,72,3.213,0.7,us,us2000jjdk,2019-02-18T03:03:31.040Z,"Izu Islands, Japan region",earthquake,8.9,6.2,0.037,213,reviewed,us,us
2019-02-17T23:18:54.100Z,-59.879,-25.8795,10,5.1,mb,,46,8.046,0.76,us,us2000jjd0,2019-02-18T03:11:52.040Z,"100km SSE of Bristol Island, South Sandwich Islands",earthquake,10.2,1.7,0.063,83,reviewed,us,us
2019-02-17T22:53:30.830Z,33.4457,76.7342,27.74,4.5,mb,,83,2.901,0.79,us,us2000jjcb,2019-02-19T00:42:26.040Z,"91km E of Kishtwar, India",earthquake,8.1,5.9,0.1,29,reviewed,us,us
2019-02-17T22:45:38.250Z,36.4797,-98.7625,5,2.9,ml,,42,0.016,0.68,us,us2000jjc5,2019-02-17T23:01:13.040Z,"34km NW of Fairview, Oklahoma",earthquake,1.1,1.3,,47,reviewed,ok,ok
2019-02-17T22:40:40.150Z,-4.0817,121.3294,10,4.5,mb,,90,1.825,0.82,us,us2000jjc4,2019-02-19T00:16:00.040Z,"80km SE of Lasusua, Indonesia",earthquake,5.3,1.9,0.101,29,reviewed,us,us
2019-02-17T22:23:39.780Z,-0.1657,124.4245,70.61,4.6,mb,,55,1.867,1,us,us2000jjbu,2019-02-17T22:38:40.040Z,"78km SE of Molibagu, Indonesia",earthquake,7.6,10.1,0.09,37,reviewed,us,us
2019-02-17T21:40:02.030Z,37.3756,20.9947,10,4.4,mb,,129,0.767,1.1,us,us2000jjbi,2019-02-17T22:04:27.040Z,"40km SSE of Lithakia, Greece",earthquake,3.2,1.9,0.1,29,reviewed,us,us
2019-02-17T20:47:29.507Z,63.4759,-149.7631,9.8,2.5,ml,,,,1,ak,ak01927pzavk,2019-02-17T20:54:10.034Z,"41km WNW of Cantwell, Alaska",earthquake,,0.9,,,automatic,ak,ak
2019-02-17T20:47:14.190Z,61.8113,-151.7965,231.9,2.8,ml,,,,1.03,ak,ak01927pzay5,2019-02-17T20:51:58.669Z,"93km W of Willow, Alaska",earthquake,,6.8,,,automatic,ak,ak
2019-02-17T20:47:13.558Z,62.6565,-151.8693,249.1,2.6,ml,,,,0.99,ak,ak01927pzgcq,2019-02-17T20:51:58.980Z,"98km WNW of Talkeetna, Alaska",earthquake,,5.3,,,automatic,ak,ak
2019-02-17T20:36:57.120Z,20.67,122.1377,171.24,4.7,mww,,105,2.352,0.95,us,us2000jjb5,2019-02-17T21:06:02.040Z,"30km NE of Basco, Philippines",earthquake,4.7,6.6,0.071,19,reviewed,us,us
2019-02-17T19:22:27.430Z,-20.3387,-177.7004,539.58,4.8,mb,,130,4.774,0.84,us,us2000jjav,2019-02-17T19:38:42.040Z,"109km ENE of Ndoi Island, Fiji",earthquake,11.7,7.5,0.114,24,reviewed,us,us
2019-02-17T19:21:26.650Z,36.4193,141.9268,36.91,4.8,mww,,89,1.708,0.81,us,us2000jjay,2019-02-17T20:10:41.040Z,"112km ESE of Kitaibaraki, Japan",earthquake,8.2,5.4,0.075,17,reviewed,us,us
2019-02-17T19:07:42.330Z,36.5054,22.9237,10,4.8,mww,,91,1.045,1.39,us,us2000jjan,2019-02-18T06:31:13.867Z,"22km SSW of Gefyra, Greece",earthquake,5.3,1.9,0.069,20,reviewed,us,us
2019-02-17T18:03:34.110Z,-17.9886,-177.8539,594.89,4.7,mb,,97,3.669,0.68,us,us2000jjag,2019-02-17T20:06:10.040Z,"Fiji region",earthquake,18,14.6,0.093,35,reviewed,us,us
2019-02-17T17:01:35.890Z,53.7089,161.0614,38.2,4.4,mb,,157,1.6,1.02,us,us2000jja8,2019-02-17T20:29:25.040Z,"176km ENE of Petropavlovsk-Kamchatskiy, Russia",earthquake,11.3,7.3,0.134,16,reviewed,us,us
2019-02-17T15:47:46.170Z,-31.8796,57.5822,10,4.9,mb,,76,10.791,0.7,us,us2000jj9s,2019-02-18T15:26:27.040Z,"Southwest Indian Ridge",earthquake,11.5,1.9,0.091,38,reviewed,us,us
2019-02-17T14:35:55.830Z,-3.3439,152.1346,368.16,6.3,mww,,21,0.842,1.44,us,us2000jj68,2019-02-19T18:30:33.040Z,"48km NW of Namatanai, Papua New Guinea",earthquake,9,3.8,0.043,51,reviewed,us,us
2019-02-17T14:32:44.250Z,40.4815,-124.7653333,23.59,2.77,md,34,259,0.3264,0.21,nc,nc73143186,2019-02-20T04:24:04.645Z,"44km WSW of Ferndale, CA",earthquake,0.87,2.67,0.203,29,reviewed,nc,nc
2019-02-17T13:46:57.087Z,61.3614,-150.1226,21.3,2.8,ml,,,,0.84,ak,ak01927lt9y0,2019-02-18T14:54:52.040Z,"19km NW of Anchorage, Alaska",earthquake,,0.3,,,automatic,ak,ak
2019-02-17T13:22:08.040Z,-23.47,-64.696,10,5.1,mww,,64,3.245,0.99,us,us2000jj5u,2019-02-19T18:36:46.040Z,"29km NW of Yuto, Argentina",earthquake,8.1,1.8,0.071,19,reviewed,us,us
2019-02-17T13:18:25.470Z,1.1478,127.3857,159.67,4.5,mb,,54,0.374,0.84,us,us2000jj5r,2019-02-18T14:26:22.040Z,"38km N of Ternate, Indonesia",earthquake,10.2,5.4,0.099,30,reviewed,us,us
2019-02-17T12:32:05.331Z,63.0915,-151.556,1.3,2.7,ml,,,,1.06,ak,ak01927l4qa6,2019-02-17T13:19:25.040Z,"113km NW of Talkeetna, Alaska",earthquake,,0.2,,,automatic,ak,ak
2019-02-17T12:25:35.393Z,63.1068,-151.5632,7.2,2.8,ml,,,,0.92,ak,ak01927l3akq,2019-02-17T13:12:42.040Z,"114km NW of Talkeetna, Alaska",earthquake,,0.2,,,automatic,ak,ak
2019-02-17T11:50:35.620Z,19.2296,-66.5465,40,3,md,5,315,0.7527,0.13,pr,pr2019048012,2019-02-17T15:55:58.216Z,"85km NNE of Arecibo, Puerto Rico",earthquake,1.49,5.56,0.09,3,reviewed,pr,pr
2019-02-17T11:36:47.630Z,35.2863333,-118.5346667,6.86,3.43,ml,59,38,0.09329,0.14,ci,ci37533186,2019-02-19T15:53:16.822Z,"19km NNW of Tehachapi, CA",earthquake,0.12,0.42,0.152,313,reviewed,ci,ci
2019-02-17T11:29:17.260Z,-55.1028,-31.6533,10,5,mb,,92,2.923,0.74,us,us2000jj4h,2019-02-17T11:45:01.040Z,"South Georgia Island region",earthquake,11.5,1.9,0.07,65,reviewed,us,us
2019-02-17T10:51:14.970Z,19.2251,-66.5153,12,2.79,md,10,314,0.7481,0.26,pr,pr2019048007,2019-02-17T12:16:13.350Z,"84km N of Tierras Nuevas Poniente, Puerto Rico",earthquake,9.15,12.82,0.25,7,reviewed,pr,pr
2019-02-17T10:34:30.320Z,18.9878,-66.9285,33,2.99,md,12,223,0.5514,0.49,pr,pr2019048011,2019-02-17T13:14:43.052Z,"54km N of Isabela, Puerto Rico",earthquake,2.08,8.47,0.11,6,reviewed,pr,pr
2019-02-17T10:26:53.200Z,-50.8666,-74.5527,12.74,4.3,mb,,205,1.522,1.06,us,us2000jj3z,2019-02-17T10:53:38.040Z,"171km WSW of El Calafate, Argentina",earthquake,11.4,6.8,0.097,30,reviewed,us,us
2019-02-17T10:17:56.080Z,19.5415,-67.8933,70,2.83,md,5,293,1.1375,0.61,pr,pr2019048010,2019-02-17T13:08:16.040Z,"75km NNE of Punta Cana, Dominican Republic",earthquake,11.68,22.96,0.54,4,reviewed,pr,pr
2019-02-17T10:14:25.700Z,18.832,-68.6321,95,2.78,md,7,195,0.405,0.5,pr,pr2019048009,2019-02-17T13:06:36.040Z,"12km NNW of Otra Banda, Dominican Republic",earthquake,8.3,2.74,0.48,4,reviewed,pr,pr
2019-02-17T10:07:31.510Z,-26.3966,178.4366,614.34,4.6,mb,,124,8.617,0.68,us,us2000jj3x,2019-02-17T10:26:12.040Z,"South of the Fiji Islands",earthquake,13.1,9.4,0.084,42,reviewed,us,us
2019-02-17T10:04:23.040Z,20.1765,-155.8041667,12.17,3.03,ml,35,104,0.05301,0.1,hv,hv70814851,2019-02-19T02:52:49.232Z,"10km S of Kapaau, Hawaii",earthquake,0.44,0.25,0.164,39,reviewed,hv,hv
2019-02-17T09:55:24.160Z,38.3515,-122.3983333,7.99,3.7,mw,199,38,0.04764,0.13,nc,nc73143141,2019-02-21T04:46:15.002Z,"6km SSW of Yountville, CA",earthquake,0.09,0.14,,5,reviewed,nc,nc
2019-02-17T09:26:36.730Z,-11.5408,118.8331,10,4.2,mb,,92,4.423,0.77,us,us2000jj3r,2019-02-17T09:45:24.040Z,"205km SW of Tawui, Indonesia",earthquake,5.5,1.9,0.121,19,reviewed,us,us
2019-02-17T09:02:55.140Z,15.895,-87.5392,10,3.9,mb,,58,1.845,1.1,us,us2000jj3j,2019-02-17T20:12:15.383Z,"15km NW of Tela, Honduras",earthquake,4,2,0.114,20,reviewed,us,us
2019-02-17T08:23:01.750Z,18.799,-67.4365,10,2.7,md,18,200,0.4167,0.63,pr,pr2019048008,2019-02-17T12:53:11.979Z,"49km NW of San Antonio, Puerto Rico",earthquake,1.87,1.47,0.37,17,reviewed,pr,pr
2019-02-17T05:36:08.210Z,19.0035,-68.4358,109,3.03,md,18,173,0.4926,0.6,pr,pr2019048003,2019-02-17T07:05:20.369Z,"45km NNE of Otra Banda, Dominican Republic",earthquake,4.36,2.56,0.44,20,reviewed,pr,pr
2019-02-17T04:34:25.716Z,61.3496,-150.0823,19.9,2.5,ml,,,,0.7,ak,ak01927gdqho,2019-02-17T04:45:51.040Z,"17km NNW of Anchorage, Alaska",earthquake,,0.5,,,automatic,ak,ak
2019-02-17T04:05:57.170Z,18.9038,-64.0685,105,3.23,md,3,353,1.9365,0.5,pr,pr2019048006,2019-02-17T09:19:37.694Z,"79km NE of Road Town, British Virgin Islands",earthquake,24.76,22.58,0.55,3,reviewed,pr,pr
2019-02-17T04:03:32.690Z,-3.1996,146.6351,10,4.6,mb,,165,1.361,1.28,us,us2000jj1z,2019-02-17T04:34:17.040Z,"148km SSW of Lorengau, Papua New Guinea",earthquake,6.8,2,0.136,17,reviewed,us,us
2019-02-17T03:51:28.100Z,19.3946,-67.713,33,2.91,md,7,332,1.1053,0.42,pr,pr2019048005,2019-02-20T22:42:47.040Z,"92km NE of Punta Cana, Dominican Republic",earthquake,4,26.04,0.34,7,reviewed,pr,pr
2019-02-17T02:58:32.400Z,22.4015,92.9181,10,4.8,mb,,39,0.674,0.84,us,us2000jj1j,2019-02-17T12:29:18.915Z,"10km SSW of Saiha, India",earthquake,7,1.9,0.077,53,reviewed,us,us
2019-02-17T02:13:39.720Z,25.2789,124.6484,10,5,mb,,89,1.692,0.74,us,us2000jj18,2019-02-17T02:31:48.040Z,"83km NW of Hirara, Japan",earthquake,8.3,1.9,0.079,51,reviewed,us,us
2019-02-17T02:03:09.780Z,18.963,-66.2546,18,2.62,md,13,275,0.5583,0.35,pr,pr2019048002,2019-02-17T06:23:35.040Z,"55km N of Brenas, Puerto Rico",earthquake,4.21,8.39,0.41,12,reviewed,pr,pr
2019-02-17T01:07:51.227Z,61.4825,-150.2207,36.3,3,ml,,,,0.66,ak,ak01927efp6o,2019-02-17T04:18:03.795Z,"14km WSW of Big Lake, Alaska",earthquake,,1.8,,,automatic,ak,ak
2019-02-16T23:22:23.870Z,54.8384,163.2375,10,4.1,mb,,181,3.265,0.68,us,us2000jj0k,2019-02-21T05:24:37.040Z,"161km SSE of Ust'-Kamchatsk Staryy, Russia",earthquake,15.9,2,0.099,28,reviewed,us,us
2019-02-16T23:10:21.670Z,-12.1025,-74.2343,10,4.3,mb,,98,2.553,1.08,us,us2000jizi,2019-02-16T23:37:49.040Z,"69km NNW of Ayna, Peru",earthquake,4.7,1.9,0.125,18,reviewed,us,us
2019-02-16T23:09:50.770Z,54.2232,-161.6801,46.66,3.6,mb,,177,1.194,0.82,us,us2000jizh,2019-02-16T23:23:51.040Z,"126km SSE of Cold Bay, Alaska",earthquake,7.1,11.6,0.189,7,reviewed,us,us
2019-02-16T22:44:28.300Z,-27.9366,-67.0121,194.66,4.3,mb,,81,2.179,1.37,us,us2000jiza,2019-02-17T00:25:10.040Z,"27km SSE of Londres, Argentina",earthquake,8.1,12.2,0.217,6,reviewed,us,us
2019-02-16T22:35:08.630Z,69.5346,-144.1283,10,4,ml,,,,0.98,ak,ak019263kdhw,2019-02-16T23:01:15.284Z,"57km SSW of Kaktovik, Alaska",earthquake,,0,,,reviewed,ak,ak
2019-02-16T22:28:37.390Z,-30.7399,59.3991,10,4.9,mb,,86,10.08,0.51,us,us2000jiz9,2019-02-16T22:55:06.040Z,"Southwest Indian Ridge",earthquake,9.2,1.9,0.093,36,reviewed,us,us
2019-02-16T22:05:30.740Z,38.732,-112.4938333,8.06,3.28,ml,23,68,0.1276,0.18,uu,uu60312977,2019-02-19T15:36:47.878Z,"30km SSW of Fillmore, Utah",earthquake,0.33,0.86,0.184,19,reviewed,uu,uu
2019-02-16T21:49:24.260Z,53.566,161.1651,35,4.5,mb,,136,1.604,1.37,us,us2000jiyt,2019-02-16T22:07:35.040Z,"177km ENE of Petropavlovsk-Kamchatskiy, Russia",earthquake,9.9,2,0.087,39,reviewed,us,us
2019-02-16T21:22:50.830Z,44.465,-111.0071667,8.19,3.09,ml,21,95,0.1235,0.19,uu,uu60312957,2019-02-19T15:02:54.509Z,"14km W of Old Faithful Geyser, Wyoming",earthquake,0.45,2.38,0.256,8,reviewed,uu,uu
2019-02-16T21:09:04.890Z,4.231,126.897,32.41,4.3,mb,,142,3.11,0.9,us,us2000jiy8,2019-02-17T00:00:35.040Z,"205km SE of Sarangani, Philippines",earthquake,8.5,1.8,0.116,21,reviewed,us,us
2019-02-16T21:07:22.730Z,18.1858,-67.5075,15,2.66,md,7,252,0.2007,0.2,pr,pr2019047023,2019-02-17T00:30:04.184Z,"31km WSW of Stella, Puerto Rico",earthquake,1.25,1.46,0.15,5,reviewed,pr,pr
2019-02-16T20:53:13.700Z,37.3338,20.9782,16.19,4,mb,,134,0.771,0.87,us,us2000jiy5,2019-02-21T05:01:08.040Z,"44km SSE of Lithakia, Greece",earthquake,4.4,7.4,0.183,8,reviewed,us,us
2019-02-16T19:04:23.450Z,39.9826667,-121.2266667,-0.81,2.84,ml,47,82,0.2695,0.2,nc,nc73143016,2019-02-20T02:46:04.863Z,"3km SE of Belden, CA",earthquake,0.31,2.08,0.146,9,reviewed,nc,nc
2019-02-16T18:28:55.330Z,19.0778,-68.0565,54,3.11,md,9,190,0.6508,0.23,pr,pr2019047022,2019-02-20T14:56:23.040Z,"34km NE of Otra Banda, Dominican Republic",earthquake,1.86,4.18,0.06,4,reviewed,pr,pr
2019-02-16T18:27:32.122Z,60.5105,-151.6356,54.6,2.9,ml,,,,0.71,ak,ak0192614yvt,2019-02-20T14:47:55.040Z,"21km WNW of Kalifornsky, Alaska",earthquake,,0.8,,,automatic,ak,ak
2019-02-16T17:08:50.200Z,35.5612,-97.0863,5,2.7,ml,,31,0.02,0.6,us,us2000jiw5,2019-02-20T14:45:54.013Z,"10km NE of Harrah, Oklahoma",earthquake,0.9,1.7,,34,reviewed,ok,ok
2019-02-16T14:59:43.380Z,31.3115,-103.5309,5,2.6,mb_lg,,62,0.293,0.77,us,us2000jivj,2019-02-16T17:21:33.040Z,"12km SSW of Pecos, Texas",earthquake,1.6,1.9,0.109,22,reviewed,us,us
2019-02-16T14:58:24.830Z,19.1563,-66.5226,11,2.46,md,7,298,0.6792,0.27,pr,pr2019047019,2019-02-16T17:29:17.120Z,"76km N of Tierras Nuevas Poniente, Puerto Rico",earthquake,2.3,3.45,0.09,4,reviewed,pr,pr
2019-02-16T13:58:57.980Z,31.6283,-104.39,5,2.9,mb_lg,,70,0.43,0.84,us,us2000jiv9,2019-02-16T14:15:09.040Z,"75km W of Mentone, Texas",earthquake,2.2,1.9,0.078,43,reviewed,us,us
2019-02-16T12:47:58.820Z,-6.9349,155.5658,35,4.7,mb,,74,4.346,0.69,us,us2000jiv0,2019-02-16T13:11:28.040Z,"68km S of Panguna, Papua New Guinea",earthquake,8.1,2,0.067,67,reviewed,us,us
2019-02-16T12:20:24.360Z,54.7415,164.5151,10,4.2,mb,,139,3.874,0.57,us,us2000jiut,2019-02-16T12:46:34.040Z,"107km WSW of Nikol'skoye, Russia",earthquake,12.1,2,0.071,56,reviewed,us,us
2019-02-16T11:01:56.180Z,-2.4946,140.1743,33.59,4.7,mb,,70,7.2,0.69,us,us2000jiue,2019-02-16T11:55:16.563Z,"48km WNW of Abepura, Indonesia",earthquake,6.1,6.1,0.077,51,reviewed,us,us
2019-02-16T10:49:09.480Z,51.2506,-176.7088,35,3.9,mb,,272,0.632,0.91,us,us2000jiu9,2019-02-16T11:12:38.040Z,"70km S of Adak, Alaska",earthquake,6.3,2,0.089,33,reviewed,us,us
2019-02-16T10:25:02.750Z,37.0418333,-121.1473333,6.83,2.65,md,52,48,0.05396,0.07,nc,nc73142941,2019-02-20T03:01:03.944Z,"26km W of Los Banos, CA",earthquake,0.14,0.38,0.197,93,reviewed,nc,nc
2019-02-16T10:01:28.370Z,25.293,125.0184,10,5.2,mww,,84,1.999,0.72,us,us2000jitm,2019-02-16T16:30:22.040Z,"60km NNW of Hirara, Japan",earthquake,5.6,1.8,0.066,22,reviewed,us,us
2019-02-16T10:00:15.644Z,61.2137,-149.8121,36.1,3.1,ml,,,,0.85,ak,ak01925w7oeg,2019-02-18T17:22:09.549Z,"4km E of Anchorage, Alaska",earthquake,,0.7,,,automatic,ak,ak
2019-02-16T09:47:30.874Z,61.401,-149.9367,34.3,2.5,ml,,,,0.7,ak,ak01925vwco1,2019-02-17T04:17:55.301Z,"13km S of Big Lake, Alaska",earthquake,,0.3,,,automatic,ak,ak
2019-02-16T09:29:45.340Z,17.4382,-102.8196,10,4.6,mb,,177,2.665,1.15,us,us2000jit8,2019-02-18T03:50:47.404Z,"86km SW of La Orilla, Mexico",earthquake,10.8,2,0.058,87,reviewed,us,us
2019-02-16T09:26:06.110Z,39.2163333,-123.121,6.61,2.56,md,55,61,0.1403,0.16,nc,nc73142926,2019-02-20T04:40:03.529Z,"9km SE of Redwood Valley, CA",earthquake,0.26,0.81,0.245,36,reviewed,nc,nc
2019-02-16T09:06:35.760Z,25.3087,124.9248,18.44,4.8,mb,,74,1.929,0.56,us,us2000jisu,2019-02-16T09:27:36.040Z,"66km NNW of Hirara, Japan",earthquake,5.5,4.6,0.088,40,reviewed,us,us
2019-02-16T09:06:32.410Z,19.2095,-66.5431,8,2.96,md,11,303,0.7325,0.36,pr,pr2019047013,2019-02-16T13:24:25.996Z,"82km N of Tierras Nuevas Poniente, Puerto Rico",earthquake,3.09,4.54,0.17,7,reviewed,pr,pr
2019-02-16T08:55:02.900Z,18.2478,-66.974,12,3.76,md,16,91,0.133,0.18,pr,pr2019047010,2019-02-19T03:06:34.219Z,"2km ESE of Las Marias, Puerto Rico",earthquake,0.4,0.57,0.35,14,reviewed,pr,pr
2019-02-16T07:59:55.350Z,19.174,-67.2206,31,2.87,md,6,322,0.7149,0.44,pr,pr2019047015,2019-02-16T13:25:27.580Z,"76km N of San Antonio, Puerto Rico",earthquake,3.24,18.63,0.35,2,reviewed,pr,pr
2019-02-16T07:52:51.607Z,58.532,-155.268,122.8,3.5,ml,,,,0.69,ak,ak01925uqlj8,2019-02-16T08:04:34.040Z,"82km ESE of King Salmon, Alaska",earthquake,,0.4,,,automatic,ak,ak
2019-02-16T07:15:24.070Z,19.2395,-66.5303,25,2.77,md,9,302,0.7624,0.23,pr,pr2019047011,2019-02-16T13:21:55.612Z,"86km N of Tierras Nuevas Poniente, Puerto Rico",earthquake,1.28,15.14,0.32,7,reviewed,pr,pr
2019-02-16T07:07:04.276Z,63.1081,-149.7727,3.1,2.7,ml,,,,0.75,ak,ak01925ugurp,2019-02-16T07:25:18.040Z,"51km SW of Cantwell, Alaska",earthquake,,0.4,,,automatic,ak,ak
2019-02-16T06:45:55.830Z,41.3292,-29.2389,10,5.3,mww,,97,4.573,0.98,us,us2000jis2,2019-02-16T16:52:38.040Z,"262km NE of Santa Cruz das Flores, Portugal",earthquake,10.7,1.9,0.071,19,reviewed,us,us
2019-02-16T06:39:52.360Z,-2.4375,140.123,26.69,5.2,mww,,57,7.248,0.77,us,us2000jis0,2019-02-16T16:47:52.040Z,"55km WNW of Abepura, Indonesia",earthquake,8.6,5.2,0.073,18,reviewed,us,us
2019-02-16T06:25:36.610Z,-24.105,-67.31,180.65,4.3,mb,,63,1.397,1.11,us,us2000jirx,2019-02-16T07:04:25.040Z,"101km W of San Antonio de los Cobres, Argentina",earthquake,8,10.3,0.16,11,reviewed,us,us
2019-02-16T05:56:12.810Z,41.3247,-29.2708,10,4.7,mb,,72,4.585,1.03,us,us2000jirs,2019-02-16T06:14:28.040Z,"260km NE of Santa Cruz das Flores, Portugal",earthquake,6.7,1.8,0.065,72,reviewed,us,us
2019-02-16T05:54:06.750Z,69.5205,-144.8571,7.44,2.5,ml,,189,0.572,0.6,us,us2000jirp,2019-02-16T06:24:16.040Z,"83km SW of Kaktovik, Alaska",earthquake,3.5,7.4,0.057,40,reviewed,us,us
2019-02-16T05:23:03.600Z,47.7498,102.7618,10,4.2,mb,,162,2.451,0.47,us,us2000jird,2019-02-16T15:21:32.040Z,"18km ENE of Dzegstey, Mongolia",earthquake,8.7,2,0.132,16,reviewed,us,us
2019-02-16T04:40:58.520Z,19.3835,-64.8163,66,3.23,md,4,344,1.6146,0.25,pr,pr2019047007,2019-02-16T22:09:11.040Z,"108km NNW of Road Town, British Virgin Islands",earthquake,5.26,16.14,0.15,3,reviewed,pr,pr
2019-02-16T04:35:35.380Z,34.9073,-4.5477,66.9,4.3,mb,,67,2.058,0.86,us,us2000jiqq,2019-02-17T09:25:29.036Z,"21km W of Targuist, Morocco",earthquake,8.3,5.1,0.125,18,reviewed,us,us
2019-02-16T04:13:28.130Z,56.1963,-149.5711,10,3.4,ml,,239,2.29,0.52,us,us2000jiqd,2019-02-16T04:27:26.040Z,"247km SE of Kodiak, Alaska",earthquake,4.2,2,0.064,32,reviewed,us,us
2019-02-16T03:29:24.740Z,18.6975,-65.1178,60,3,md,8,334,0.9181,0.35,pr,pr2019047006,2019-02-16T10:11:38.896Z,"44km NNW of Charlotte Amalie, U.S. Virgin Islands",earthquake,4.25,8.43,0.14,6,reviewed,pr,pr
2019-02-16T02:53:21.460Z,45.3002,151.4974,35,4.8,mb,,190,6.294,1.04,us,us2000jipk,2019-02-16T03:25:21.040Z,"283km E of Kuril'sk, Russia",earthquake,5.3,2,0.072,59,reviewed,us,us
2019-02-16T02:43:57.120Z,19.1953,-66.0208,20,2.85,md,14,295,0.8801,0.31,pr,pr2019047001,2019-02-16T03:29:30.040Z,"77km N of San Juan, Puerto Rico",earthquake,1.29,27.31,0.42,14,reviewed,pr,pr
2019-02-16T02:17:28.150Z,66.29,-157.2918,10,2.6,ml,,52,0.169,0.94,us,us2000jipg,2019-02-16T22:02:17.040Z,"71km SSW of Kobuk, Alaska",earthquake,2.5,2,0.043,72,reviewed,us,us
2019-02-16T01:57:15.550Z,37.5408,20.7165,10,4.2,mb,,143,1.028,1.23,us,us2000jinx,2019-02-16T11:29:55.902Z,"22km SSW of Lithakia, Greece",earthquake,6.6,2,0.2,8,reviewed,us,us
2019-02-16T01:54:33.560Z,18.7816,-67.4526,9,3.28,md,14,284,0.398,0.45,pr,pr2019047000,2019-02-16T02:40:41.040Z,"51km NW of San Antonio, Puerto Rico",earthquake,1.71,1.89,0.14,10,reviewed,pr,pr
2019-02-16T01:35:15.213Z,56.1936,-149.4308,6.2,2.5,ml,,,,0.69,ak,ak01925r2c5r,2019-02-16T01:40:01.571Z,"253km SE of Kodiak, Alaska",earthquake,,217.6,,,automatic,ak,ak
2019-02-16T01:27:11.850Z,-4.4716,101.9982,35,4.7,mb,,163,0.961,0.73,us,us2000jine,2019-02-16T02:05:12.040Z,"79km SSW of Bengkulu, Indonesia",earthquake,8.2,2,0.102,29,reviewed,us,us
2019-02-16T01:24:41.960Z,19.1911,-65.7698,124,3.32,md,3,330,1.052,0.58,pr,pr2019047005,2019-02-16T09:57:03.887Z,"84km N of Loiza, Puerto Rico",earthquake,26.58,27.23,0.27,3,reviewed,pr,pr
2019-02-16T01:12:50.240Z,69.4029,-143.7027,10,2.5,ml,,99,0.224,0.79,us,us2000jinc,2019-02-16T21:58:39.040Z,"81km S of Kaktovik, Alaska",earthquake,1.6,2,0.047,60,reviewed,us,us
2019-02-16T01:10:28.370Z,18.2208,-67.1808,108,2.75,md,6,213,0.2259,0.13,pr,pr2019047004,2019-02-16T06:02:25.040Z,"5km WNW of Mayaguez, Puerto Rico",earthquake,1.5,0.73,0.31,6,reviewed,pr,pr
2019-02-16T01:04:08.060Z,19.1621,-64.6176,100,3.2,md,4,346,1.5988,0.25,pr,pr2019047003,2019-02-16T06:09:38.040Z,"91km N of Road Town, British Virgin Islands",earthquake,9.5,13.43,0.34,4,reviewed,pr,pr
2019-02-16T00:03:41.070Z,19.0268,-67.2263,7,2.96,md,4,333,0.571,0.25,pr,pr2019047002,2019-02-16T05:21:11.469Z,"60km NNW of San Antonio, Puerto Rico",earthquake,3.06,2.27,0.24,4,reviewed,pr,pr
2019-02-15T23:51:40.930Z,-55.7512,-124.9341,10,5.6,mww,,64,34.43,1.09,us,us2000jkah,2019-02-20T16:08:01.040Z,"Southern East Pacific Rise",earthquake,14.4,1.9,0.073,18,reviewed,us,us
2019-02-15T23:21:45.930Z,53.9876,160.1438,66.24,4.6,mb,,95,1.315,1.11,us,us2000jimp,2019-02-16T00:32:01.040Z,"144km NE of Petropavlovsk-Kamchatskiy, Russia",earthquake,9.4,7,0.057,92,reviewed,us,us
2019-02-15T22:57:32.210Z,66.2943,-157.1639,6.1,3.7,ml,,,,0.58,ak,ak01924g5toe,2019-02-16T04:10:40.040Z,"69km S of Kobuk, Alaska",earthquake,,0.5,,,reviewed,ak,ak
2019-02-15T22:54:17.840Z,53.6729,-162.9169,35,5.1,mww,,141,1.153,1.05,us,us2000jim0,2019-02-18T17:28:18.752Z,"135km SSE of False Pass, Alaska",earthquake,5.2,1.9,0.042,54,reviewed,us,us
2019-02-15T21:15:05.760Z,52.772,-169.7024,30.5,3.4,ml,,201,1.032,0.91,us,us2000jimz,2019-02-16T04:02:15.040Z,"59km WSW of Nikolski, Alaska",earthquake,7,17.1,0.148,6,reviewed,us,us
2019-02-15T20:15:50.600Z,19.2458,-66.5345,24,2.48,md,6,311,0.7687,0.15,pr,pr2019046012,2019-02-16T01:30:02.433Z,"86km N of Tierras Nuevas Poniente, Puerto Rico",earthquake,1.24,12.25,0.62,6,reviewed,pr,pr
2019-02-15T18:11:47.400Z,51.7853,-176.909,55.18,5,mww,,139,0.162,0.7,us,us2000jiim,2019-02-16T16:20:21.014Z,"20km WSW of Adak, Alaska",earthquake,7,5.2,0.089,12,reviewed,us,us
2019-02-15T17:05:19.560Z,60.8081,-146.8829,18,3.2,ml,,,,0.6,ak,ak01924cvg07,2019-02-16T16:01:26.040Z,"46km SW of Valdez, Alaska",earthquake,,0.2,,,reviewed,ak,ak
2019-02-15T16:32:15.810Z,61.569,-152.467,249.7,2.7,ml,,,,0.91,ak,ak01924cfsj1,2019-02-15T16:41:37.409Z,"116km NNW of Nikiski, Alaska",earthquake,,6.1,,,automatic,ak,ak
2019-02-15T16:20:54.230Z,6.7971,126.8225,82.24,5.2,mb,,93,1.263,1.01,us,us2000jih8,2019-02-15T16:40:39.040Z,"49km SE of Tarragona, Philippines",earthquake,10.7,7.7,0.077,56,reviewed,us,us
2019-02-15T15:55:21.030Z,37.468,-121.8136667,3.08,2.59,md,70,45,0.09305,0.11,nc,nc73142751,2019-02-17T19:05:59.688Z,"9km ENE of Milpitas, CA",earthquake,0.12,0.44,0.156,64,reviewed,nc,nc
2019-02-15T14:08:06.720Z,23.7884,121.7514,46.56,4.9,mb,,87,0.409,0.9,us,us2000jifs,2019-02-15T23:52:00.650Z,"25km SE of Hualian, Taiwan",earthquake,3.1,5.2,0.06,87,reviewed,us,us
2019-02-15T13:40:52.190Z,-15.7655,-174.7833,293.61,5.3,mww,,41,3.443,1.25,us,us2000jif6,2019-02-15T15:36:06.040Z,"112km W of Hihifo, Tonga",earthquake,8.9,4.7,0.073,18,reviewed,us,us
2019-02-15T12:47:26.930Z,-13.6669,-111.6715,10,4.7,mb,,165,33.62,0.47,us,us2000jieu,2019-02-15T13:09:20.040Z,"Central East Pacific Rise",earthquake,15.5,1.9,0.063,78,reviewed,us,us
2019-02-15T12:09:51.250Z,40.4631667,-111.948,8.59,3.7,ml,51,28,0.009325,0.21,uu,uu60312667,2019-02-21T06:57:20.901Z,"2km S of Bluffdale, Utah",earthquake,0.31,0.42,0.216,21,reviewed,uu,uu
2019-02-15T12:02:50.770Z,40.4641667,-111.9443333,8.76,3.18,ml,48,28,0.01166,0.2,uu,uu60312662,2019-02-21T06:32:19.229Z,"2km S of Bluffdale, Utah",earthquake,0.3,0.39,0.198,16,reviewed,uu,uu
2019-02-15T09:55:37.240Z,19.2391,-66.4523,30,2.79,md,4,326,0.942,0.21,pr,pr2019046009,2019-02-15T13:02:13.791Z,"86km N of Tierras Nuevas Poniente, Puerto Rico",earthquake,2.08,16.86,0.07,2,reviewed,pr,pr
2019-02-15T08:22:03.650Z,36.542,-112.7821,10.01,2.5,ml,,83,0.411,0.38,us,us2000jic8,2019-02-19T20:06:26.319Z,"50km SSW of Fredonia, Arizona",earthquake,1.6,8.9,0.05,52,reviewed,us,us
2019-02-15T08:02:24.810Z,19.1571,-66.5873,34,2.71,md,10,301,0.8274,0.19,pr,pr2019046008,2019-02-15T12:50:18.598Z,"76km N of Arecibo, Puerto Rico",earthquake,1.39,7.7,0.42,9,reviewed,pr,pr
2019-02-15T07:22:06.980Z,15.9644,-95.3799,27.31,4.4,mb,,144,3.133,0.91,us,us2000jibp,2019-02-15T15:43:41.845Z,"29km SW of Salina Cruz, Mexico",earthquake,9.7,7,0.069,61,reviewed,us,us
2019-02-15T07:00:06.530Z,-30.0295,-71.3958,35.48,4.5,mb,,132,0.175,1.03,us,us2000jibh,2019-02-15T08:21:24.030Z,"9km SSW of Coquimbo, Chile",earthquake,7.5,12.6,0.312,3,reviewed,us,us
2019-02-15T06:27:37.480Z,50.6811,-130.0737,10,4,mb,,196,1.235,1.33,us,us2000jib9,2019-02-15T07:43:40.040Z,"187km W of Port Hardy, Canada",earthquake,5.4,1.9,0.138,14,reviewed,us,us
2019-02-15T05:50:43.640Z,18.9566,-68.2886,85,3,md,12,176,0.4523,0.37,pr,pr2019046006,2019-02-15T13:05:09.040Z,"85km NNE of Punta Cana, Dominican Republic",earthquake,3.06,2.84,0.4,12,reviewed,pr,pr
2019-02-15T05:06:29.120Z,-3.9842,128.6591,110.07,4.4,mb,,104,3.736,1.47,us,us2000jib2,2019-02-15T06:37:13.040Z,"46km S of Saparua, Indonesia",earthquake,5.5,9.8,0.149,13,reviewed,us,us
2019-02-15T05:01:48.300Z,19.1193,-66.6076,48,2.54,md,5,332,0.7864,0.25,pr,pr2019046005,2019-02-15T09:03:10.627Z,"72km N of Arecibo, Puerto Rico",earthquake,3.75,9.18,0.36,5,reviewed,pr,pr
2019-02-15T04:51:21.300Z,18.2591,-67.1325,105,2.47,md,6,190,0.2095,0.3,pr,pr2019046004,2019-02-15T21:41:02.040Z,"2km WSW of Anasco, Puerto Rico",earthquake,3.03,1.52,0.14,6,reviewed,pr,pr
2019-02-15T04:29:38.820Z,-1.8428,151.0141,10,4.7,mb,,93,3.651,0.64,us,us2000jias,2019-02-15T04:49:02.040Z,"84km NNE of Kavieng, Papua New Guinea",earthquake,13.3,1.9,0.088,39,reviewed,us,us
2019-02-15T04:07:13.753Z,62.9235,-150.2613,73.3,2.5,ml,,,,0.73,ak,ak019245585b,2019-02-15T22:06:18.040Z,"67km N of Talkeetna, Alaska",earthquake,,0.7,,,automatic,ak,ak
2019-02-15T03:58:55.440Z,19.2141,-66.5466,45,2.72,md,6,315,0.8919,0.18,pr,pr2019046003,2019-02-15T09:01:58.875Z,"83km N of Tierras Nuevas Poniente, Puerto Rico",earthquake,2.59,8.38,0.33,5,reviewed,pr,pr
2019-02-15T03:48:45.020Z,47.2821666666667,-123.248833333333,42.34,2.77,ml,38,39,,0.23,uw,uw61511811,2019-02-18T04:01:13.899Z,"12km NW of Shelton, Washington",earthquake,0.33,0.67,0.183326932889887,30,reviewed,uw,uw
2019-02-15T03:47:29.050Z,-18.193,-178.1047,582.52,4.8,mb,,45,3.684,0.99,us,us2000jia1,2019-02-15T04:05:17.040Z,"279km NNE of Ndoi Island, Fiji",earthquake,8.8,7.2,0.041,182,reviewed,us,us
2019-02-15T03:34:58.140Z,24.9698,141.4835,83.97,4.6,mb,,133,2.209,0.7,us,us2000ji9r,2019-02-16T01:49:01.040Z,"25km NE of Iwo Jima, Japan",earthquake,12.5,8.4,0.103,28,reviewed,us,us
2019-02-15T03:03:29.340Z,36.6538333,-121.2666667,1.51,2.7,md,45,107,0.0577,0.05,nc,nc73142536,2019-02-16T05:34:04.077Z,"16km SSE of Tres Pinos, CA",earthquake,0.12,0.44,0.156,64,reviewed,nc,nc
2019-02-15T02:56:16.890Z,-55.1573,-31.725,10,4.9,mb,,79,2.897,0.95,us,us2000ji9a,2019-02-15T03:11:28.040Z,"South Georgia Island region",earthquake,6,1.9,0.108,27,reviewed,us,us
2019-02-15T02:50:25.670Z,-9.2768,123.5393,81.95,4.5,mb,,128,0.861,1.08,us,us2000ji94,2019-02-15T03:21:30.040Z,"43km NW of Naisano Dua, Indonesia",earthquake,10.1,9.4,0.145,14,reviewed,us,us
2019-02-15T02:30:53.640Z,56.0484,-150.0955,10,3.4,ml,,218,2.12,0.56,us,us2000ji8y,2019-02-15T21:53:37.040Z,"239km SE of Kodiak, Alaska",earthquake,8.7,2,0.066,30,reviewed,us,us
2019-02-15T02:28:40.500Z,38.824,-122.806,1.44,2.69,md,47,35,0.003239,0.07,nc,nc73142501,2019-02-16T05:49:04.176Z,"7km NW of The Geysers, CA",earthquake,0.14,0.2,0.347,24,reviewed,nc,nc
2019-02-15T00:39:09.820Z,19.2026,-66.5013,25,2.53,md,4,335,0.8925,0.25,pr,pr2019046002,2019-02-15T04:33:44.136Z,"82km N of Tierras Nuevas Poniente, Puerto Rico",earthquake,3.08,21.11,0.11,3,reviewed,pr,pr
2019-02-15T00:37:20.520Z,38.8048333,-122.824,2.31,2.56,md,52,22,0.00571,0.08,nc,nc73142436,2019-02-16T02:38:03.052Z,"7km WNW of The Geysers, CA",earthquake,0.14,0.23,0.258,19,reviewed,nc,nc
2019-02-15T00:33:31.730Z,19.2726,-66.5525,25,2.69,md,4,337,0.9475,0.17,pr,pr2019046001,2019-02-15T04:33:20.320Z,"89km N of Tierras Nuevas Poniente, Puerto Rico",earthquake,2.5,16.3,0.26,3,reviewed,pr,pr
2019-02-15T00:09:18.670Z,19.2785,-66.5338,20,2.58,md,16,284,0.8014,0.3,pr,pr2019046000,2019-02-15T04:38:28.040Z,"85km N of Arecibo, Puerto Rico",earthquake,1.2,26.31,0.31,16,reviewed,pr,pr
2019-02-14T23:28:35.150Z,44.5986,-114.3561,5,2.6,ml,,62,0.737,0.69,us,us2000ji7r,2019-02-15T18:23:43.999Z,"14km NW of Challis, Idaho",earthquake,1.1,1.9,0.05,52,reviewed,us,us
2019-02-14T21:24:21.100Z,9.7729,126.4176,35,4.9,mb,,67,2.811,0.89,us,us2000ji5s,2019-02-15T04:05:10.040Z,"28km E of General Luna, Philippines",earthquake,3.1,1.9,0.053,111,reviewed,us,us
2019-02-14T21:09:47.720Z,5.7132,-76.1371,68.11,4.5,mb,,102,2.003,1.09,us,us2000ji5i,2019-02-17T12:45:41.242Z,"18km WSW of Betania, Colombia",earthquake,6.1,8.9,0.096,32,reviewed,us,us
2019-02-14T20:43:32.900Z,35.3517,-35.9278,10,5,mb,,47,8.71,0.84,us,us2000ji4z,2019-02-14T21:32:28.040Z,"Northern Mid-Atlantic Ridge",earthquake,9.4,1.9,0.038,225,reviewed,us,us
2019-02-14T19:57:05.090Z,35.4364,-36.0923,10,6.2,mww,,44,8.81,0.86,us,us2000ji4e,2019-02-15T16:56:28.040Z,"Northern Mid-Atlantic Ridge",earthquake,9.4,1.8,0.034,83,reviewed,us,us
2019-02-14T18:53:15.190Z,45.7435,151.0561,64.21,4.6,mb,,184,5.87,1.15,us,us2000ji3c,2019-02-14T22:29:46.040Z,"254km ENE of Kuril'sk, Russia",earthquake,11.9,7.3,0.086,40,reviewed,us,us
2019-02-14T14:43:46.150Z,18.208,-68.4418,102,3.12,md,6,206,0.9786,0.45,pr,pr2019045007,2019-02-14T17:11:31.244Z,"25km SE of Boca de Yuma, Dominican Republic",earthquake,6.14,3.77,0.47,4,reviewed,pr,pr
2019-02-14T14:33:16.900Z,-12.1848,-74.3304,10,5.4,mww,,149,4.707,0.79,us,us2000jhyq,2019-02-15T17:12:30.040Z,"66km ENE of Pampas, Peru",earthquake,3.5,1.9,0.075,17,reviewed,us,us
2019-02-14T13:42:46.110Z,-3.2033,-80.6773,10,4.7,mb,,94,4.078,0.77,us,us2000jhy7,2019-02-14T15:33:22.040Z,"47km NNW of Tumbes, Peru",earthquake,9.7,1.9,0.085,42,reviewed,us,us
2019-02-14T13:01:46.930Z,51.8248,-174.0951,76.57,4.1,mb,,187,0.382,1.18,us,us2000jhxt,2019-02-14T19:50:16.937Z,"41km S of Atka, Alaska",earthquake,13.6,16.2,0.069,57,reviewed,us,us
2019-02-14T12:35:32.690Z,54.7737,164.6532,10,4.5,mb,,166,3.96,0.77,us,us2000jhxb,2019-02-20T07:25:26.040Z,"97km WSW of Nikol'skoye, Russia",earthquake,8.4,1.9,0.058,88,reviewed,us,us
2019-02-14T11:57:11.040Z,9.8017,126.4365,32.62,4.7,mb,,73,2.843,1.12,us,us2000jhwk,2019-02-14T18:58:10.302Z,"30km E of General Luna, Philippines",earthquake,5.4,6.1,0.073,56,reviewed,us,us
2019-02-14T10:07:08.220Z,31.8955,-115.8555,9.38,3.07,ml,29,129,0.1344,0.25,ci,ci37530890,2019-02-20T06:53:29.040Z,"70km ENE of Maneadero, B.C., MX",earthquake,0.4,0.97,0.154,73,reviewed,ci,ci
